l34y-llzc,5,2023-01-01T00:48:04Z
ynlx-4mlq,9,2023-01-01T01:18:30Z
tmuj-ydpw,5,2023-01-01T01:41:12Z
tmuj-s2nu,5,2023-01-01T01:52:38Z
xl3i-0125,5,2023-01-01T02:23:16Z
of4n-7vn5,5,2023-01-01T02:39:29Z
nyx0-4fks,5,2023-01-01T02:47:14Z
jaa2-quxb,5,2023-01-01T03:23:46Z
hq8q-u4k6,5,2023-01-01T03:29:07Z
hhzb-xlft,5,2023-01-01T03:30:35Z
hhzb-fhko,5,2023-01-01T03:30:35Z
hhzb-1zw5,5,2023-01-01T03:41:20Z
fi5m-7qbz,5,2023-01-01T03:58:11Z
t7hj-44ej,9,2023-01-01T04:04:40Z
ipvm-r7mb,5,2023-01-01T04:05:37Z
kcdg-6smt,6,2023-01-01T04:11:58Z
of4n-n0mq,5,2023-01-01T04:14:39Z
ipvm-00bk,5,2023-01-01T04:14:50Z
db6d-79pc,5,2023-01-01T04:35:33Z
t7hj-wo2n,9,2023-01-01T04:41:38Z
m261-jmv0,5,2023-01-01T04:54:15Z
ipvm-owgf,5,2023-01-01T05:00:18Z
jx3h-hawu,9,2023-01-01T05:26:29Z
ynlx-bu5g,6,2023-01-01T05:51:13Z
l41n-1uq3,6,2023-01-01T06:05:30Z
a1gt-8ud1,5,2023-01-01T06:08:37Z
pwda-sr6l,9,2023-01-01T06:10:34Z
xl3i-yh6c,5,2023-01-01T07:10:34Z
ynlx-e3vj,9,2023-01-01T07:37:03Z
a12d-hgee,5,2023-01-01T08:24:54Z
qp0h-8grv,5,2023-01-01T09:14:27Z
nyx0-tl2o,5,2023-01-01T09:21:36Z
ynlx-qz8c,6,2023-01-01T09:39:11Z
a12d-kj58,5,2023-01-01T09:59:19Z
ipvm-c3zg,5,2023-01-01T10:15:29Z
qze4-l80x,6,2023-01-01T10:18:02Z
db6d-ama9,5,2023-01-01T10:19:59Z
ipvm-5kww,5,2023-01-01T10:23:43Z
oluq-q3xa,5,2023-01-01T10:35:55Z
u443-f0yt,5,2023-01-01T11:03:00Z
ipvm-a1d0,5,2023-01-01T11:13:38Z
ynlx-8mwv,9,2023-01-01T11:47:37Z
auk3-sp3v,9,2023-01-01T11:59:24Z
ynlx-310c,6,2023-01-01T12:00:46Z
syxn-ri5q,6,2023-01-01T13:06:22Z
tmuj-s8i7,9,2023-01-02T00:16:37Z
fi5m-6gp3,5,2023-01-02T01:22:17Z
lz4w-9z40,9,2023-01-02T01:25:03Z
fjhs-m4br,6,2023-01-02T02:38:55Z
t7hj-p2m9,5,2023-01-02T02:45:55Z
tcsd-q7jv,5,2023-01-02T02:59:45Z
gn09-5a4i,6,2023-01-02T03:15:36Z
ynlx-ol9x,9,2023-01-02T03:18:56Z
a12d-z8e2,5,2023-01-02T03:23:49Z
ou5i-e40m,6,2023-01-02T03:26:49Z
ot24-dqfu,9,2023-01-02T03:34:59Z
fjhs-6anu,6,2023-01-02T03:40:51Z
ynlx-yhit,6,2023-01-02T04:10:51Z
hq8q-lah8,5,2023-01-02T04:18:28Z
l34y-zqs8,5,2023-01-02T04:20:51Z
l34y-0vx2,5,2023-01-02T04:28:57Z
gn09-sonu,6,2023-01-02T04:30:26Z
u4kq-ihf5,6,2023-01-02T05:26:32Z
gn09-u6s1,6,2023-01-02T05:27:49Z
ipvm-zpf4,5,2023-01-02T05:44:51Z
pysg-20d5,9,2023-01-02T05:46:49Z
qze4-2u8q,6,2023-01-02T05:50:20Z
ou1n-76ec,5,2023-01-02T05:55:35Z
ynlx-kqq4,5,2023-01-02T06:04:39Z
gn09-1vf3,6,2023-01-02T06:05:47Z
pxfv-4ysd,5,2023-01-02T06:15:58Z
gn09-dntx,6,2023-01-02T06:33:14Z
ewma-yaii,5,2023-01-02T06:40:13Z
mo2h-4n54,9,2023-01-02T07:04:07Z
ynlx-x2v6,9,2023-01-02T07:26:49Z
oluq-u5jv,9,2023-01-02T07:32:54Z
k2b4-8wtf,5,2023-01-02T07:57:59Z
y1q5-28vr,6,2023-01-02T08:00:33Z
pxfv-n9kn,5,2023-01-02T08:01:34Z
tmuj-4j0v,6,2023-01-02T08:35:32Z
iin9-mp61,5,2023-01-02T08:38:33Z
ipvm-5mk3,5,2023-01-02T08:46:26Z
tcsd-cptl,5,2023-01-02T08:49:42Z
yiiv-ffwg,6,2023-01-02T08:58:05Z
fjhs-vddv,6,2023-01-02T09:19:39Z
ynlx-vq9v,5,2023-01-02T09:27:34Z
ipvm-byqa,5,2023-01-02T09:33:56Z
wpf8-w4v5,5,2023-01-02T09:34:45Z
u443-j6hw,6,2023-01-02T09:45:22Z
yiiv-q7rk,6,2023-01-02T09:50:06Z
n9hc-6tc7,5,2023-01-02T10:01:55Z
syxn-dqrt,9,2023-01-02T10:03:18Z
gn09-a7ba,6,2023-01-02T10:33:25Z
wpf8-2ery,6,2023-01-02T10:44:24Z
of4n-ysuh,5,2023-01-02T11:13:32Z
kcdg-tnsm,6,2023-01-02T11:17:27Z
qze4-6njo,6,2023-01-02T11:26:40Z
iin9-6dgk,5,2023-01-02T11:30:58Z
pxfv-uh2k,5,2023-01-02T11:34:24Z
gn09-w2c2,6,2023-01-02T11:41:39Z
pxfv-hayy,5,2023-01-02T11:46:49Z
ipvm-c2iu,5,2023-01-02T12:17:07Z
hq8q-g8vf,5,2023-01-02T12:26:47Z
gn09-csdf,6,2023-01-02T13:06:07Z
wq69-rhhi,6,2023-01-02T13:30:32Z
ipvm-nmdm,5,2023-01-02T13:46:36Z
auk3-fno8,9,2023-01-02T14:30:15Z
t22l-i20n,5,2023-01-02T15:29:23Z
nods-l9cz,9,2023-01-03T01:11:22Z
p5mq-ty5q,5,2023-01-03T02:52:19Z
wpf8-4yve,5,2023-01-03T03:23:06Z
ipvm-wrgr,5,2023-01-03T03:25:25Z
l34y-4cwg,5,2023-01-03T04:00:12Z
ipvm-slgv,5,2023-01-03T05:00:21Z
ughe-9pqd,5,2023-01-03T05:06:16Z
a12d-s5jc,5,2023-01-03T06:04:39Z
ipvm-ha5n,5,2023-01-03T07:00:31Z
n2v9-xx5j,5,2023-01-03T07:24:47Z
bx1o-s1x6,5,2023-01-03T07:47:15Z
n2v9-pi0i,6,2023-01-03T07:56:05Z
ou1n-83l8,5,2023-01-03T08:27:13Z
ou1n-nlz9,5,2023-01-03T08:29:41Z
mvza-dh5d,5,2023-01-03T09:03:35Z
hq8q-6v1y,5,2023-01-03T09:06:49Z
ipvm-1i1j,5,2023-01-03T09:13:14Z
qze4-1m1q,6,2023-01-03T09:23:34Z
a12d-x2tv,6,2023-01-03T09:29:40Z
ynlx-rzlr,9,2023-01-03T09:36:04Z
ipvm-j94i,5,2023-01-03T09:36:43Z
wpf8-h5ph,5,2023-01-03T09:47:54Z
pxfv-2uox,5,2023-01-03T09:50:19Z
pwda-ik8k,9,2023-01-03T10:05:16Z
qze4-7k8j,6,2023-01-03T10:14:48Z
yiiv-li9z,6,2023-01-03T10:23:13Z
mo2h-qa6k,9,2023-01-03T11:01:11Z
pxfv-95lk,5,2023-01-03T11:16:18Z
u4kq-0d4p,9,2023-01-03T11:39:38Z
ipvm-207m,5,2023-01-03T13:04:11Z
syxn-szam,6,2023-01-03T13:16:02Z
dipl-zj8t,5,2023-01-03T13:35:04Z
qp0h-85r8,5,2023-01-03T14:07:51Z
kns3-93fz,5,2023-01-03T14:26:30Z
z7n9-t3p2,5,2023-01-03T16:02:26Z
l34y-38nv,5,2023-01-03T22:41:25Z
n9hc-f1j0,6,2023-01-04T01:27:25Z
q0qp-mauw,6,2023-01-04T01:45:02Z
fi5m-lz6u,5,2023-01-04T02:23:36Z
htxd-nk7n,6,2023-01-04T02:27:25Z
nyx0-n6ep,5,2023-01-04T02:30:17Z
q0qp-qxi5,6,2023-01-04T03:10:11Z
a1gt-xcem,5,2023-01-04T03:12:02Z
a1gt-67rw,6,2023-01-04T03:31:45Z
mk5p-khom,5,2023-01-04T03:33:50Z
ipvm-451m,5,2023-01-04T03:45:19Z
zwn2-sthn,5,2023-01-04T03:55:13Z
tmuj-2k9d,9,2023-01-04T04:17:50Z
pwda-nn8h,9,2023-01-04T04:26:47Z
tmuj-3b3t,9,2023-01-04T04:29:48Z
d371-8lp2,5,2023-01-04T04:57:49Z
hq8q-scg0,5,2023-01-04T06:00:34Z
tmuj-drgf,5,2023-01-04T06:38:15Z
ipvm-kusi,5,2023-01-04T07:28:01Z
ipvm-76dn,5,2023-01-04T07:46:07Z
ipvm-8s3f,5,2023-01-04T08:18:59Z
iin9-s8ab,5,2023-01-04T08:27:05Z
ihxs-shg6,5,2023-01-04T09:21:50Z
a1v9-2x6y,5,2023-01-04T09:34:58Z
ynlx-wkhd,9,2023-01-04T09:43:36Z
ipvm-icjj,5,2023-01-04T09:43:40Z
tmuj-y5kd,5,2023-01-04T09:46:07Z
a1gt-cp1i,5,2023-01-04T09:53:33Z
ou1n-2w68,5,2023-01-04T10:28:04Z
kcdg-fslh,6,2023-01-04T10:40:49Z
wpf8-6een,5,2023-01-04T10:41:25Z
pxfv-eflz,5,2023-01-04T10:41:47Z
iin9-2jr4,5,2023-01-04T11:10:09Z
dm3y-xhj0,9,2023-01-04T11:17:14Z
ynlx-3tms,5,2023-01-04T11:34:25Z
ynlx-9eay,9,2023-01-04T11:47:36Z
of4n-z07w,5,2023-01-04T11:56:37Z
sak8-p2cg,5,2023-01-04T12:06:13Z
gn09-4qkf,6,2023-01-04T12:16:17Z
ipvm-lgrv,6,2023-01-04T12:50:56Z
ynlx-18mg,9,2023-01-04T12:57:16Z
n2v9-je6z,5,2023-01-04T14:18:28Z
kns3-ovwg,5,2023-01-04T16:22:28Z
ou1n-9xx2,5,2023-01-04T16:45:43Z
kns3-ivds,5,2023-01-04T17:09:35Z
z7n9-rdyi,5,2023-01-04T17:23:09Z
kns3-xcby,5,2023-01-04T18:33:33Z
z7n9-taj4,5,2023-01-04T19:29:57Z
t7hj-bxnj,9,2023-01-04T21:29:38Z
hdhg-7lnz,5,2023-01-05T00:55:43Z
htxd-wdf6,5,2023-01-05T01:38:46Z
ou5i-t171,5,2023-01-05T02:18:07Z
ot24-nlo7,5,2023-01-05T03:30:30Z
m261-jea1,5,2023-01-05T03:31:41Z
pwda-7sp4,9,2023-01-05T03:34:14Z
tmuj-ri46,9,2023-01-05T04:07:11Z
ou1n-bqn0,6,2023-01-05T04:16:03Z
gn09-q76h,6,2023-01-05T04:42:15Z
of4n-qzct,5,2023-01-05T05:00:39Z
a1gt-u8qj,5,2023-01-05T05:06:46Z
pxfv-2ihf,5,2023-01-05T05:08:42Z
tmuj-libe,9,2023-01-05T05:20:40Z
ipvm-45xc,5,2023-01-05T05:27:22Z
mo2h-o8d3,9,2023-01-05T05:28:43Z
ou1n-msnt,5,2023-01-05T06:28:51Z
nyx0-tg7l,5,2023-01-05T07:17:28Z
rt5l-ewvn,5,2023-01-05T07:21:32Z
nyx0-8ygj,5,2023-01-05T07:31:10Z
qze4-q3g2,6,2023-01-05T07:43:04Z
nyx0-xfrf,6,2023-01-05T07:58:48Z
j80i-l8xx,5,2023-01-05T08:09:45Z
pxfv-s9pn,5,2023-01-05T08:35:25Z
pxfv-rehl,5,2023-01-05T09:42:24Z
d371-mua7,6,2023-01-05T09:51:50Z
kcdg-9776,5,2023-01-05T10:08:32Z
ipvm-hjlg,5,2023-01-05T10:18:13Z
ipvm-9463,5,2023-01-05T10:23:13Z
zejd-bt9s,5,2023-01-05T10:24:02Z
qze4-gh8z,6,2023-01-05T10:57:01Z
kcdg-56fz,6,2023-01-05T11:01:01Z
a12d-twsh,5,2023-01-05T11:03:45Z
c6b0-gvgb,5,2023-01-05T11:06:12Z
htxd-7d43,5,2023-01-05T11:06:38Z
t7hj-3k6o,5,2023-01-05T11:29:47Z
hvsc-7g8q,6,2023-01-05T11:43:54Z
pxfv-dxbm,5,2023-01-05T11:49:09Z
gn09-s1ip,6,2023-01-05T12:01:55Z
kcdg-nvyk,6,2023-01-05T12:05:09Z
gn09-zhii,6,2023-01-05T12:41:14Z
qore-0yi5,9,2023-01-05T12:48:47Z
pxfv-7tfa,5,2023-01-05T13:01:43Z
kcdg-zzev,6,2023-01-05T13:06:47Z
pxfv-jq4s,5,2023-01-05T13:13:34Z
ynlx-24td,9,2023-01-05T13:29:48Z
kns3-0yb1,5,2023-01-05T14:12:53Z
n9hc-sdlx,5,2023-01-05T14:26:27Z
kns3-ysz5,6,2023-01-05T17:10:57Z
htxd-4jre,5,2023-01-05T17:51:13Z
htxd-aeze,5,2023-01-05T18:41:28Z
kns3-56b1,5,2023-01-05T19:02:57Z
t7hj-2kab,9,2023-01-05T19:03:11Z
yiiv-0ld6,5,2023-01-06T02:13:11Z
qze4-ohsn,6,2023-01-06T02:40:54Z
fjhs-iz03,6,2023-01-06T02:42:02Z
q0qp-pzdk,6,2023-01-06T02:42:34Z
q0qp-tk7k,6,2023-01-06T02:50:21Z
ipvm-b0wc,5,2023-01-06T03:11:04Z
prfu-v2hq,6,2023-01-06T03:22:01Z
zwn2-20z7,5,2023-01-06T03:26:59Z
nyds-jmu8,6,2023-01-06T03:33:49Z
auk3-zgvw,9,2023-01-06T03:58:08Z
n9hc-nctw,6,2023-01-06T04:37:32Z
ipvm-j91d,5,2023-01-06T04:38:16Z
ipvm-z3ax,5,2023-01-06T04:42:05Z
c6b0-952q,9,2023-01-06T04:44:33Z
ynlx-c1be,5,2023-01-06T05:10:16Z
auk3-e6tz,9,2023-01-06T05:18:45Z
l34y-z8e5,5,2023-01-06T05:30:07Z
a1gt-nj6v,9,2023-01-06T06:02:19Z
n9hc-lip2,9,2023-01-06T06:32:00Z
ipvm-sy5h,5,2023-01-06T06:44:35Z
l08c-1ryz,6,2023-01-06T07:10:15Z
ot24-fi85,5,2023-01-06T07:16:58Z
rt5l-cj0w,5,2023-01-06T07:51:06Z
ipvm-3ein,5,2023-01-06T08:23:11Z
wq69-w6fw,6,2023-01-06T08:25:21Z
auk3-s6c9,9,2023-01-06T08:43:56Z
ou1n-0ahj,5,2023-01-06T08:54:59Z
ipvm-8g4b,5,2023-01-06T09:05:36Z
ot24-fg47,5,2023-01-06T09:37:35Z
prfu-ma8u,6,2023-01-06T09:39:11Z
c6b0-dumg,9,2023-01-06T09:51:19Z
fjhs-9w6z,5,2023-01-06T10:06:29Z
pxfv-ax8s,5,2023-01-06T10:24:28Z
kcdg-zouu,5,2023-01-06T10:24:42Z
prfu-kguj,5,2023-01-06T10:47:17Z
kcdg-w2y2,5,2023-01-06T11:03:15Z
n9hc-929x,6,2023-01-06T11:03:34Z
nyx0-rfr5,6,2023-01-06T11:08:00Z
ihxs-cn40,5,2023-01-06T11:12:21Z
a1v9-e71r,5,2023-01-06T11:12:35Z
a1gt-g0mj,5,2023-01-06T11:21:34Z
kcdg-czbo,6,2023-01-06T11:23:42Z
wq69-iohx,5,2023-01-06T11:30:54Z
n9hc-fqxs,6,2023-01-06T11:33:15Z
c6b0-mhdb,9,2023-01-06T11:38:12Z
gn09-1gmc,6,2023-01-06T12:13:05Z
t7hj-g1ah,5,2023-01-06T12:17:48Z
htxd-2mzv,6,2023-01-06T12:18:35Z
kcdg-rol5,6,2023-01-06T12:53:29Z
pxfv-x25f,5,2023-01-06T13:13:14Z
d371-yjb2,6,2023-01-06T13:30:09Z
kcdg-2lou,6,2023-01-06T13:41:31Z
of4n-z5e1,6,2023-01-06T14:40:22Z
kns3-3mf3,5,2023-01-06T15:19:50Z
wved-dpj1,5,2023-01-06T15:22:31Z
z7n9-qe6f,5,2023-01-06T15:38:16Z
htxd-kbne,5,2023-01-06T18:33:27Z
hdhg-cp2k,5,2023-01-07T00:12:34Z
hdhg-jt6c,5,2023-01-07T00:13:12Z
nyx0-vtir,5,2023-01-07T02:40:07Z
auk3-gqgd,9,2023-01-07T03:15:04Z
a1gt-0pvn,6,2023-01-07T03:35:45Z
wq69-e7hm,6,2023-01-07T03:50:40Z
hq8q-t6x7,5,2023-01-07T03:55:12Z
tmuj-vac5,9,2023-01-07T04:24:45Z
ynlx-2zvb,5,2023-01-07T04:30:47Z
ot24-79fc,5,2023-01-07T04:45:21Z
ynlx-f04f,9,2023-01-07T05:14:41Z
qze4-2ler,6,2023-01-07T06:09:30Z
a12d-s16t,5,2023-01-07T06:18:21Z
ipvm-2e8g,5,2023-01-07T06:26:16Z
tmuj-qjgc,5,2023-01-07T06:48:57Z
ughe-0ak9,5,2023-01-07T07:14:16Z
iin9-2zju,5,2023-01-07T07:21:31Z
iin9-1tsr,5,2023-01-07T08:16:19Z
fjhs-rpyn,9,2023-01-07T08:24:26Z
yydc-afur,5,2023-01-07T08:25:27Z
qze4-11wx,6,2023-01-07T08:32:59Z
pysg-xm84,9,2023-01-07T08:49:32Z
a12d-oo1a,5,2023-01-07T09:11:48Z
a12d-0rr4,5,2023-01-07T09:23:09Z
a12d-7irv,5,2023-01-07T09:39:37Z
kcdg-ohrd,6,2023-01-07T10:04:16Z
db6d-ad6o,6,2023-01-07T11:02:54Z
ynlx-ykiv,6,2023-01-07T11:07:39Z
ihxs-0cjd,5,2023-01-07T11:17:18Z
b1sc-daq4,6,2023-01-07T11:17:37Z
a12d-r3rn,5,2023-01-07T12:14:35Z
ipvm-ekth,5,2023-01-07T12:17:36Z
nyx0-4bwe,5,2023-01-07T12:17:59Z
l34y-xhr1,6,2023-01-07T12:37:30Z
hq8q-4u07,9,2023-01-07T12:43:30Z
nyx0-efv9,5,2023-01-07T13:14:53Z
ipvm-s2h9,5,2023-01-07T13:39:57Z
wq69-o78z,6,2023-01-07T13:42:38Z
t7hj-j5sk,9,2023-01-07T14:12:00Z
syxn-nlj7,6,2023-01-07T14:34:26Z
yydc-li6f,5,2023-01-07T15:19:04Z
civ5-fa52,5,2023-01-07T15:52:27Z
hhzb-s0ue,5,2023-01-07T16:54:46Z
txri-nenu,5,2023-01-07T17:44:56Z
t7hj-h7fl,5,2023-01-07T19:09:45Z
htxd-wqw3,6,2023-01-07T19:47:13Z
x9g2-0g9k,5,2023-01-08T00:07:52Z
t7hj-8xr5,5,2023-01-08T01:34:12Z
tmuj-yzlc,5,2023-01-08T01:35:09Z
vnwq-ye4s,5,2023-01-08T01:38:22Z
a1gt-0lng,5,2023-01-08T02:18:36Z
ot24-4sek,5,2023-01-08T02:43:43Z
a1gt-jyxn,5,2023-01-08T02:51:26Z
tmuj-6qnk,5,2023-01-08T03:04:52Z
a1gt-bmij,5,2023-01-08T03:41:49Z
u443-rn1t,6,2023-01-08T03:43:13Z
ughe-0gui,5,2023-01-08T03:46:22Z
hvsc-e4vr,5,2023-01-08T04:16:13Z
c6b0-vxla,9,2023-01-08T04:33:30Z
x9g2-pa0g,5,2023-01-08T04:52:20Z
fjhs-3cbc,5,2023-01-08T05:08:28Z
hvsc-covr,5,2023-01-08T05:22:58Z
nyx0-wgoy,5,2023-01-08T05:44:25Z
fjhs-hxc8,5,2023-01-08T06:14:29Z
ihxs-3zb1,5,2023-01-08T06:22:11Z
ot24-iw7u,9,2023-01-08T06:55:05Z
t7hj-1j7j,5,2023-01-08T08:34:38Z
a12d-ma5l,6,2023-01-08T08:47:32Z
fjhs-nzjw,5,2023-01-08T08:57:20Z
ipvm-flbc,5,2023-01-08T09:18:32Z
wq69-aym8,6,2023-01-08T09:44:28Z
hd2f-c95a,6,2023-01-08T09:54:35Z
m261-kbi2,5,2023-01-08T09:55:34Z
nyx0-4r5g,5,2023-01-08T10:15:01Z
wq69-5qim,5,2023-01-08T10:15:28Z
kcdg-gqbb,6,2023-01-08T10:19:14Z
tmuj-lt6q,9,2023-01-08T10:43:29Z
kcdg-lo4c,5,2023-01-08T10:45:58Z
tmuj-s4s8,9,2023-01-08T11:11:44Z
fjhs-jx6x,5,2023-01-08T13:05:47Z
ipvm-vkef,5,2023-01-08T13:53:11Z
r4bk-s2ai,9,2023-01-08T16:39:29Z
htxd-kz2b,6,2023-01-08T17:14:29Z
htxd-5u5d,5,2023-01-08T19:32:49Z
htxd-84ns,6,2023-01-08T20:06:40Z
t7hj-4wms,9,2023-01-08T23:00:21Z
m29p-6qik,9,2023-01-09T02:12:09Z
of4n-f2v6,5,2023-01-09T02:34:13Z
ihxs-mbhw,5,2023-01-09T02:39:57Z
orc8-64rg,5,2023-01-09T02:51:06Z
t7hj-8k23,5,2023-01-09T02:51:52Z
a1gt-lj26,5,2023-01-09T02:59:45Z
tmuj-nziw,9,2023-01-09T03:34:40Z
c6b0-t258,9,2023-01-09T03:57:53Z
q0qp-ls98,6,2023-01-09T04:12:38Z
kcdg-w6wz,6,2023-01-09T04:34:02Z
c6b0-zcyx,9,2023-01-09T04:43:09Z
tmuj-pdrl,5,2023-01-09T04:48:49Z
ot24-b49o,9,2023-01-09T04:57:36Z
d371-u1u2,5,2023-01-09T05:51:47Z
iin9-j2o7,5,2023-01-09T05:52:56Z
njcj-pd97,6,2023-01-09T06:15:41Z
t7hj-u1ob,9,2023-01-09T06:25:14Z
ou1n-3tw1,5,2023-01-09T06:51:59Z
ipvm-ay2g,5,2023-01-09T07:38:19Z
ipvm-rfnq,5,2023-01-09T07:49:46Z
pwda-bj10,9,2023-01-09T09:13:56Z
j80i-txok,5,2023-01-09T09:15:08Z
nyx0-drj6,5,2023-01-09T09:40:59Z
iin9-4zx9,5,2023-01-09T09:42:46Z
nyx0-4qj8,6,2023-01-09T09:44:56Z
kcdg-zwoi,6,2023-01-09T10:07:35Z
tmuj-l8tx,9,2023-01-09T10:09:46Z
n2v9-wv4b,5,2023-01-09T10:25:24Z
ipvm-tuo5,5,2023-01-09T10:34:10Z
hvsc-0uyi,6,2023-01-09T10:35:33Z
jx3h-771p,6,2023-01-09T10:39:28Z
yiiv-4ptr,6,2023-01-09T10:55:26Z
wi9p-ry09,5,2023-01-09T11:13:15Z
nyx0-91le,6,2023-01-09T11:34:04Z
pwda-s3wz,9,2023-01-09T11:40:19Z
pxfv-lmbb,5,2023-01-09T11:47:23Z
qore-o9gk,5,2023-01-09T11:57:24Z
kns3-obk4,5,2023-01-09T12:47:25Z
k2b4-y0p3,5,2023-01-09T13:05:16Z
n9hc-vg0u,5,2023-01-09T13:14:56Z
ipvm-2muj,5,2023-01-09T13:35:42Z
kcdg-f6gv,6,2023-01-09T13:41:44Z
n9hc-7hmh,5,2023-01-09T15:06:41Z
n9hc-s3m5,5,2023-01-09T17:55:26Z
z7n9-52ue,5,2023-01-09T17:58:34Z
q0qp-x4p2,6,2023-01-09T20:08:55Z
t7hj-j2ud,5,2023-01-09T22:37:14Z
t7hj-4oy1,5,2023-01-09T23:03:16Z
t7hj-uh28,9,2023-01-10T01:18:42Z
wpf8-m1xq,6,2023-01-10T01:39:43Z
of4n-dmjl,5,2023-01-10T01:49:55Z
a1gt-5bmf,5,2023-01-10T03:11:18Z
nyx0-5gtl,6,2023-01-10T03:13:28Z
bx1o-8uef,5,2023-01-10T03:30:31Z
nyx0-o4gq,6,2023-01-10T03:49:52Z
ipvm-hbi4,5,2023-01-10T03:50:54Z
zwn2-mzmz,5,2023-01-10T03:56:13Z
ipvm-me34,5,2023-01-10T04:20:48Z
ipvm-gwtq,5,2023-01-10T04:30:51Z
nyx0-ycn8,6,2023-01-10T04:59:51Z
nyx0-2x3x,5,2023-01-10T05:17:31Z
iin9-fnwd,5,2023-01-10T05:19:43Z
iin9-ypp6,5,2023-01-10T05:26:48Z
wq69-upu3,5,2023-01-10T05:30:13Z
ipvm-fg4g,5,2023-01-10T05:30:20Z
ou1n-nc5c,5,2023-01-10T05:45:12Z
n9hc-8tuz,5,2023-01-10T06:00:33Z
syxn-a64w,6,2023-01-10T06:19:44Z
ynlx-qq8x,9,2023-01-10T07:22:35Z
pwda-qxgp,9,2023-01-10T08:07:48Z
e6jj-a96m,5,2023-01-10T08:21:39Z
auk3-qqu3,9,2023-01-10T08:48:10Z
oluq-rhug,9,2023-01-10T08:56:31Z
kcdg-loxz,6,2023-01-10T09:20:57Z
ljqq-f4sb,6,2023-01-10T09:38:02Z
iin9-ajwq,5,2023-01-10T09:41:49Z
mo2h-lget,9,2023-01-10T10:21:08Z
fjhs-gyes,5,2023-01-10T10:37:19Z
iin9-8rsg,5,2023-01-10T11:13:24Z
a1gt-2jm9,5,2023-01-10T11:19:37Z
wpf8-omow,5,2023-01-10T11:43:05Z
gn09-555z,6,2023-01-10T12:11:52Z
a1v9-yxha,5,2023-01-10T12:24:46Z
iin9-9pdh,5,2023-01-10T12:32:26Z
gn09-xxwg,6,2023-01-10T12:34:29Z
pysg-aqis,9,2023-01-10T12:46:19Z
n2v9-szan,5,2023-01-10T13:00:40Z
nboq-8z3d,5,2023-01-10T14:17:35Z
t7hj-plyz,9,2023-01-10T17:15:45Z
or34-8j5k,6,2023-01-10T18:32:59Z
kns3-o8rk,5,2023-01-10T19:15:14Z
bx1o-9d5j,5,2023-01-11T01:54:04Z
ww1q-8sda,6,2023-01-11T01:55:40Z
prfu-mkgk,5,2023-01-11T02:28:28Z
vnwq-9hta,5,2023-01-11T03:23:10Z
vaqu-4857,6,2023-01-11T03:52:20Z
hq8q-va2x,5,2023-01-11T04:07:30Z
wpf8-n5bs,5,2023-01-11T04:10:05Z
ipvm-9r51,5,2023-01-11T04:15:39Z
ynlx-v0z9,5,2023-01-11T04:56:37Z
ipvm-omow,5,2023-01-11T05:31:54Z
a12d-j6xq,5,2023-01-11T05:38:41Z
hd2f-8el1,6,2023-01-11T05:58:15Z
iin9-anum,5,2023-01-11T05:58:48Z
ot24-c40x,6,2023-01-11T07:19:19Z
gn09-q1lf,6,2023-01-11T07:30:16Z
pxfv-orch,5,2023-01-11T07:58:35Z
pxfv-73uo,5,2023-01-11T08:43:05Z
iin9-nkya,5,2023-01-11T08:49:00Z
ipvm-fcxi,5,2023-01-11T08:57:32Z
a1gt-0ct7,5,2023-01-11T09:06:52Z
b1sc-zbpv,6,2023-01-11T09:10:53Z
ot24-lr6j,5,2023-01-11T09:31:01Z
a1gt-ztjx,5,2023-01-11T09:32:56Z
nboq-r5uf,5,2023-01-11T09:49:54Z
syxn-hd89,5,2023-01-11T10:07:29Z
k4xr-6ay1,5,2023-01-11T10:09:37Z
gn09-b28h,6,2023-01-11T10:19:07Z
kcdg-2gwh,6,2023-01-11T10:30:16Z
tmuj-e1lb,9,2023-01-11T10:32:11Z
a1gt-ies4,6,2023-01-11T10:51:15Z
ynlx-2wzd,9,2023-01-11T11:06:46Z
a1gt-8ocv,5,2023-01-11T11:15:57Z
pysg-8446,9,2023-01-11T11:41:57Z
yiiv-1osh,6,2023-01-11T11:43:30Z
pwda-ojpv,9,2023-01-11T12:09:30Z
auk3-yta3,9,2023-01-11T13:34:48Z
t7hj-ee5t,9,2023-01-11T13:38:27Z
t7hj-82vg,9,2023-01-11T14:08:56Z
kns3-v2ng,5,2023-01-11T14:28:07Z
z7n9-w8ys,5,2023-01-11T14:50:43Z
z7n9-h000,5,2023-01-11T15:33:41Z
htxd-4j2f,6,2023-01-11T17:51:28Z
tmuj-3c06,9,2023-01-12T02:13:12Z
i2my-ooqz,5,2023-01-12T02:22:23Z
ljqq-2myw,5,2023-01-12T02:31:30Z
fjhs-mx0p,9,2023-01-12T02:33:20Z
pysg-64w6,5,2023-01-12T02:34:11Z
ljqq-7hx3,6,2023-01-12T02:59:25Z
ipvm-winp,5,2023-01-12T03:07:36Z
q0qp-w6gk,6,2023-01-12T03:08:41Z
qze4-mv3u,6,2023-01-12T03:11:17Z
m261-vwlf,5,2023-01-12T03:23:13Z
t7hj-w1os,9,2023-01-12T03:37:15Z
tr9i-ogni,5,2023-01-12T03:57:24Z
n9hc-9jse,6,2023-01-12T04:18:48Z
ipvm-w45r,5,2023-01-12T04:31:03Z
qze4-ytn0,6,2023-01-12T05:00:04Z
pxfv-gzhx,5,2023-01-12T05:17:55Z
a12d-rlcz,5,2023-01-12T05:23:43Z
ynlx-cvk2,9,2023-01-12T06:04:03Z
qore-mgyi,9,2023-01-12T06:33:29Z
n2v9-aqy0,5,2023-01-12T06:34:17Z
nyds-bmmg,6,2023-01-12T06:39:05Z
pxfv-ov17,5,2023-01-12T07:15:27Z
n2v9-4wie,5,2023-01-12T07:16:03Z
tr9i-wcy6,5,2023-01-12T07:24:38Z
ipvm-bzbq,5,2023-01-12T08:09:37Z
t7hj-6tlv,9,2023-01-12T08:27:38Z
n9hc-hi58,5,2023-01-12T09:31:10Z
tmuj-03tl,9,2023-01-12T09:35:52Z
tr9i-563w,5,2023-01-12T09:57:20Z
wpf8-peo7,5,2023-01-12T09:58:20Z
u4kq-v8nj,6,2023-01-12T10:01:26Z
ou1n-pa7q,6,2023-01-12T10:05:52Z
pwda-07ro,9,2023-01-12T10:28:09Z
tr9i-3dcu,5,2023-01-12T10:55:33Z
tr9i-5p86,5,2023-01-12T11:04:30Z
pxfv-pdl2,5,2023-01-12T11:31:16Z
sak8-qmb6,5,2023-01-12T11:55:34Z
fjhs-rtyc,5,2023-01-12T11:57:08Z
fjhs-0c5u,5,2023-01-12T12:04:52Z
qze4-zeyt,6,2023-01-12T12:09:54Z
pxfv-j3wv,5,2023-01-12T12:31:09Z
gn09-fl0r,6,2023-01-12T12:53:47Z
pxfv-lj7z,5,2023-01-12T12:58:43Z
d371-jler,6,2023-01-12T13:02:43Z
iin9-h28o,5,2023-01-12T13:31:23Z
n9hc-8xnl,5,2023-01-12T16:14:03Z
t7hj-uwi1,9,2023-01-12T18:23:10Z
q0qp-7rip,6,2023-01-12T23:42:36Z
l34y-dwob,5,2023-01-13T00:09:29Z
jaa2-m885,5,2023-01-13T00:49:26Z
qp0h-yz1m,5,2023-01-13T01:10:10Z
l34y-jggt,6,2023-01-13T01:47:26Z
tmuj-55wl,9,2023-01-13T02:07:59Z
ou1n-f9u6,5,2023-01-13T02:18:27Z
a1gt-f6m4,6,2023-01-13T03:02:21Z
d371-3lm3,6,2023-01-13T03:10:23Z
ipvm-iy5x,5,2023-01-13T03:13:02Z
n9hc-mfqz,5,2023-01-13T03:17:47Z
wpf8-vhts,5,2023-01-13T03:28:12Z
tmuj-wge7,9,2023-01-13T03:54:30Z
tmuj-i7q1,9,2023-01-13T03:57:20Z
y1q5-fs37,9,2023-01-13T04:10:55Z
u443-x07a,6,2023-01-13T04:14:33Z
qze4-mcke,6,2023-01-13T04:27:08Z
tr9i-dfja,5,2023-01-13T04:45:48Z
ou1n-outn,5,2023-01-13T05:01:52Z
fjhs-18a8,5,2023-01-13T05:10:30Z
u443-fo1v,6,2023-01-13T05:28:23Z
qp0h-pmwv,5,2023-01-13T06:07:08Z
hq8q-ib22,5,2023-01-13T06:10:00Z
pxfv-b6dz,5,2023-01-13T06:18:01Z
t7hj-5gsx,9,2023-01-13T06:22:52Z
auk3-xrum,9,2023-01-13T07:02:55Z
fjhs-ziif,5,2023-01-13T07:48:05Z
tmuj-0e06,9,2023-01-13T07:59:43Z
gn09-31qp,6,2023-01-13T07:59:47Z
pxfv-x08b,5,2023-01-13T09:07:05Z
qcl2-9qeb,6,2023-01-13T09:13:20Z
vaqu-vunz,6,2023-01-13T09:30:26Z
tmuj-bzm4,5,2023-01-13T10:02:24Z
ynlx-d5r3,9,2023-01-13T10:19:10Z
wpf8-j7px,5,2023-01-13T10:31:24Z
iin9-t6l4,5,2023-01-13T10:37:26Z
qze4-jq6t,6,2023-01-13T10:52:05Z
db6d-cspa,5,2023-01-13T11:09:02Z
rt5l-nrhf,5,2023-01-13T11:11:19Z
gn09-dnzc,6,2023-01-13T11:30:41Z
nyx0-w940,5,2023-01-13T12:10:23Z
pwda-hbam,9,2023-01-13T12:20:04Z
n2v9-rxxp,5,2023-01-13T13:18:01Z
fjhs-zane,6,2023-01-13T13:20:58Z
htxd-9kxx,6,2023-01-13T13:37:19Z
ynlx-gihh,5,2023-01-13T13:48:14Z
hhzb-8cqo,5,2023-01-13T15:32:45Z
htxd-ehco,5,2023-01-13T16:02:34Z
t7hj-hyia,9,2023-01-13T16:36:14Z
htxd-awaq,6,2023-01-13T19:31:15Z
htxd-nmq8,6,2023-01-13T19:55:00Z
l34y-uox3,5,2023-01-14T00:22:19Z
a1gt-4v2u,5,2023-01-14T02:59:44Z
db6d-cnnt,5,2023-01-14T03:26:04Z
ynlx-y96w,6,2023-01-14T04:11:54Z
vaqu-puvn,6,2023-01-14T04:17:33Z
tr9i-zxob,5,2023-01-14T04:52:29Z
vaqu-3z7b,6,2023-01-14T05:08:48Z
tr9i-lach,5,2023-01-14T05:39:52Z
tr9i-x21h,5,2023-01-14T05:56:19Z
wq69-qwwz,6,2023-01-14T06:27:07Z
a12d-k3ui,9,2023-01-14T06:56:02Z
b1sc-lr07,5,2023-01-14T07:11:02Z
m261-ncg6,5,2023-01-14T07:12:42Z
ot24-0jnh,9,2023-01-14T07:43:53Z
htxd-t34h,6,2023-01-14T08:30:45Z
aet4-9e4q,6,2023-01-14T08:45:26Z
dm3y-a0p3,9,2023-01-14T08:47:55Z
qze4-9d58,6,2023-01-14T08:51:32Z
ipvm-o2an,5,2023-01-14T08:54:38Z
vaqu-vh1i,6,2023-01-14T09:18:22Z
wq69-2l68,5,2023-01-14T09:36:38Z
tr9i-q7vo,5,2023-01-14T09:40:36Z
ynlx-2az3,6,2023-01-14T09:41:00Z
jexx-vvvf,5,2023-01-14T09:48:00Z
syxn-21vz,9,2023-01-14T10:10:57Z
u443-t02r,5,2023-01-14T10:11:59Z
vaqu-ait2,6,2023-01-14T10:37:13Z
iin9-5cwc,5,2023-01-14T10:54:40Z
nyx0-zgfb,5,2023-01-14T11:06:47Z
ipvm-v732,5,2023-01-14T11:19:12Z
nyx0-n2z3,5,2023-01-14T11:30:17Z
ipvm-cllv,5,2023-01-14T13:10:24Z
t7hj-t4br,5,2023-01-14T15:48:39Z
htxd-kdl8,5,2023-01-14T17:31:13Z
t7hj-l3sd,5,2023-01-14T17:45:07Z
htxd-q0gm,5,2023-01-14T18:24:48Z
htxd-pizz,5,2023-01-14T19:37:27Z
hdhg-lt13,5,2023-01-15T00:17:48Z
hdhg-e1ct,5,2023-01-15T00:43:20Z
c6b0-2119,9,2023-01-15T01:52:11Z
ecd9-6zs6,6,2023-01-15T02:03:10Z
ot24-iwjj,6,2023-01-15T02:08:36Z
l34y-5y69,5,2023-01-15T02:13:04Z
htxd-rpw7,5,2023-01-15T02:19:13Z
gw8s-1e8x,6,2023-01-15T02:27:31Z
k2b4-187e,5,2023-01-15T02:40:07Z
tmuj-9llm,9,2023-01-15T02:54:09Z
nyx0-wjhx,5,2023-01-15T03:10:57Z
w5wu-vtnk,5,2023-01-15T03:12:59Z
hq8q-gwaz,5,2023-01-15T03:23:17Z
pwda-jtj1,9,2023-01-15T03:26:49Z
slmq-1dyb,5,2023-01-15T03:39:49Z
pysg-cxpx,9,2023-01-15T03:43:53Z
ipvm-gpj1,5,2023-01-15T03:52:01Z
ynlx-ptem,9,2023-01-15T03:56:20Z
ihxs-llxg,5,2023-01-15T04:06:24Z
fjhs-ulim,5,2023-01-15T04:48:52Z
iin9-jikk,5,2023-01-15T05:00:12Z
ot24-7761,5,2023-01-15T05:06:39Z
a12d-wf6b,5,2023-01-15T05:07:59Z
hq8q-rt4r,5,2023-01-15T05:33:23Z
t7hj-qvdk,9,2023-01-15T05:38:00Z
of4n-9nzr,5,2023-01-15T05:44:40Z
a12d-mlng,5,2023-01-15T05:54:46Z
tr9i-ziip,5,2023-01-15T05:57:43Z
ot24-jg0v,5,2023-01-15T06:08:10Z
a12d-w2fw,5,2023-01-15T06:11:49Z
hq8q-yats,5,2023-01-15T07:50:24Z
ynlx-ovcs,5,2023-01-15T08:24:31Z
fi5m-f4yx,5,2023-01-15T08:52:09Z
b1sc-7jti,5,2023-01-15T09:03:38Z
ihxs-bsvf,5,2023-01-15T09:32:40Z
fjhs-t1af,5,2023-01-15T09:34:35Z
oluq-41fy,9,2023-01-15T09:37:05Z
auk3-ve2v,9,2023-01-15T09:37:22Z
ipvm-8fwx,5,2023-01-15T10:00:56Z
ipvm-ax4c,5,2023-01-15T10:05:11Z
ipvm-4sik,5,2023-01-15T10:06:24Z
ihxs-tl8g,5,2023-01-15T10:11:12Z
iin9-7fyx,5,2023-01-15T10:26:14Z
orc8-kfco,5,2023-01-15T10:35:53Z
orc8-r4rb,5,2023-01-15T10:38:13Z
ecd9-f249,9,2023-01-15T10:39:33Z
tr9i-p6ki,5,2023-01-15T10:57:44Z
kcdg-0wp6,5,2023-01-15T10:58:19Z
u443-9vob,5,2023-01-15T11:18:18Z
fjhs-lp89,5,2023-01-15T11:34:26Z
tr9i-7mry,5,2023-01-15T11:55:36Z
fjhs-unid,5,2023-01-15T11:57:00Z
a1gt-l4rf,5,2023-01-15T12:18:29Z
iin9-xyt3,5,2023-01-15T13:11:11Z
kcdg-acuw,6,2023-01-15T13:27:46Z
ipvm-9bc7,5,2023-01-15T13:32:33Z
qze4-xjjg,6,2023-01-15T13:34:58Z
hhzb-ikj1,5,2023-01-15T13:58:00Z
hhzb-b3vf,5,2023-01-15T14:44:41Z
htxd-ru2s,6,2023-01-15T15:30:59Z
l34y-nbna,5,2023-01-15T23:22:04Z
jaa2-rrma,5,2023-01-16T02:13:17Z
prfu-psyn,6,2023-01-16T02:24:49Z
nods-o9gv,9,2023-01-16T02:36:54Z
nyx0-ivqg,6,2023-01-16T02:38:17Z
nyx0-zi7w,6,2023-01-16T03:03:23Z
yiiv-tt70,5,2023-01-16T03:12:33Z
qze4-17dh,6,2023-01-16T03:20:04Z
ot24-2syk,5,2023-01-16T03:22:29Z
iin9-rv8t,5,2023-01-16T03:29:09Z
zwn2-lmgi,5,2023-01-16T03:40:13Z
d371-jchd,5,2023-01-16T04:04:46Z
tmuj-4m37,9,2023-01-16T04:14:03Z
tr9i-ymym,5,2023-01-16T04:15:07Z
q0qp-u0mo,6,2023-01-16T04:28:14Z
tr9i-kb3a,5,2023-01-16T04:32:46Z
bx1o-ltp9,5,2023-01-16T04:48:18Z
ou1n-9xmk,6,2023-01-16T06:06:14Z
hv57-r5y3,5,2023-01-16T07:48:24Z
xl3i-69mo,5,2023-01-16T07:55:28Z
kcdg-0z6m,6,2023-01-16T08:55:58Z
fubs-ftsf,9,2023-01-16T09:12:14Z
a1gt-jga8,5,2023-01-16T09:14:21Z
yiiv-fapj,6,2023-01-16T09:20:43Z
ihxs-akej,5,2023-01-16T09:24:33Z
ynlx-ygnm,6,2023-01-16T09:31:48Z
d371-flmd,5,2023-01-16T09:35:19Z
hq8q-6fvk,5,2023-01-16T10:06:51Z
yiiv-k9ai,6,2023-01-16T10:21:38Z
a12d-ba8k,5,2023-01-16T10:29:47Z
qze4-q2qg,6,2023-01-16T10:38:54Z
iin9-8c0z,5,2023-01-16T11:07:16Z
tr9i-815y,5,2023-01-16T11:18:54Z
n2v9-ojyp,5,2023-01-16T11:20:55Z
pxfv-yh82,5,2023-01-16T11:27:27Z
n9hc-2hkl,5,2023-01-16T11:28:28Z
tr9i-b49q,5,2023-01-16T11:33:23Z
f7gi-h879,9,2023-01-16T11:47:39Z
wq69-8twn,5,2023-01-16T11:54:40Z
ipvm-qp80,5,2023-01-16T12:27:18Z
pxfv-ub5c,5,2023-01-16T12:57:03Z
kns3-ku4x,5,2023-01-16T13:16:09Z
sitw-td2r,6,2023-01-16T13:18:01Z
ipvm-fqm7,5,2023-01-16T13:40:27Z
u4kq-f27v,6,2023-01-16T13:47:07Z
of4n-dlge,6,2023-01-16T14:30:31Z
kns3-f93y,5,2023-01-16T14:37:45Z
z7n9-kukc,5,2023-01-16T14:51:41Z
n9hc-0zqy,9,2023-01-16T14:54:31Z
htxd-6uss,5,2023-01-16T16:10:25Z
ilz8-fsmo,5,2023-01-16T16:33:07Z
kns3-n109,5,2023-01-16T18:35:23Z
kns3-xmxq,5,2023-01-16T18:42:47Z
t7hj-73jf,9,2023-01-16T21:01:29Z
z7n9-1oge,5,2023-01-16T21:35:41Z
hdhg-eapk,5,2023-01-16T23:56:14Z
vnwq-a3tn,5,2023-01-17T00:15:25Z
z7n9-otx3,5,2023-01-17T01:26:21Z
kns3-ovgs,5,2023-01-17T02:49:01Z
m494-p6a2,5,2023-01-17T03:03:27Z
d371-m64h,6,2023-01-17T03:45:34Z
qze4-bk9i,6,2023-01-17T03:50:58Z
zwn2-sr12,5,2023-01-17T03:57:42Z
wpf8-jmst,5,2023-01-17T04:33:52Z
ynlx-n72d,9,2023-01-17T04:42:28Z
l4v3-mrss,5,2023-01-17T05:01:31Z
ihxs-0c3z,5,2023-01-17T05:02:26Z
t7hj-yq7o,5,2023-01-17T05:04:53Z
ipvm-ezzx,5,2023-01-17T05:13:01Z
hq8q-n4i2,5,2023-01-17T06:03:13Z
t7hj-fcn2,9,2023-01-17T06:04:10Z
ipvm-q0tn,5,2023-01-17T06:11:49Z
iin9-9opp,5,2023-01-17T06:27:19Z
gn09-knu6,6,2023-01-17T06:35:49Z
ou1n-gda5,6,2023-01-17T06:39:02Z
ipvm-cpcx,5,2023-01-17T07:33:38Z
ipvm-8pzf,5,2023-01-17T08:22:27Z
xpzw-evx8,5,2023-01-17T08:25:29Z
tcsd-pr4w,5,2023-01-17T09:16:04Z
tr9i-osa3,5,2023-01-17T09:36:11Z
fjhs-ep2x,5,2023-01-17T09:59:09Z
pxfv-b2dc,5,2023-01-17T10:19:29Z
wpf8-by3e,5,2023-01-17T10:24:16Z
a12d-4axi,6,2023-01-17T10:27:29Z
pwda-z5kv,9,2023-01-17T10:51:41Z
n9hc-7ftm,5,2023-01-17T11:00:44Z
iin9-7xnm,5,2023-01-17T11:19:38Z
qze4-6jdc,6,2023-01-17T11:29:13Z
vcpf-qjj0,5,2023-01-17T11:36:18Z
ynlx-fngs,6,2023-01-17T11:52:50Z
iin9-3ui1,5,2023-01-17T11:58:17Z
l34y-neue,5,2023-01-17T12:01:56Z
nyx0-6if4,6,2023-01-17T12:23:42Z
d371-eto6,5,2023-01-17T12:38:57Z
ipvm-pzur,5,2023-01-17T13:00:13Z
n2v9-wq2y,5,2023-01-17T13:17:05Z
ipvm-gb82,5,2023-01-17T13:37:06Z
ynlx-bke8,6,2023-01-17T13:55:12Z
z7n9-8q8w,5,2023-01-17T14:07:56Z
of4n-vsq3,5,2023-01-17T14:20:08Z
z7n9-io3j,5,2023-01-17T15:47:43Z
htxd-rczw,5,2023-01-17T16:29:15Z
z7n9-lnhp,5,2023-01-17T16:33:06Z
q0qp-5ohu,6,2023-01-17T17:19:35Z
z7n9-0f8x,5,2023-01-17T21:26:07Z
hdhg-2181,5,2023-01-17T23:52:55Z
ipvm-9wbh,5,2023-01-18T02:28:08Z
yiiv-888o,6,2023-01-18T02:28:27Z
pysg-mzdx,9,2023-01-18T02:35:42Z
wi9p-oimh,6,2023-01-18T02:47:45Z
iin9-6k22,5,2023-01-18T02:58:25Z
ipvm-p4oo,5,2023-01-18T03:08:16Z
qze4-qkre,6,2023-01-18T03:18:22Z
iin9-muhk,5,2023-01-18T03:19:56Z
yiiv-281g,6,2023-01-18T03:25:46Z
hq8q-62gz,5,2023-01-18T03:39:26Z
a12d-fvqs,5,2023-01-18T03:44:15Z
kcdg-751u,6,2023-01-18T04:24:28Z
tmuj-1wv9,9,2023-01-18T04:26:00Z
kns3-6sl1,5,2023-01-18T05:16:37Z
gn09-zlwl,6,2023-01-18T05:27:39Z
nyx0-gcd2,5,2023-01-18T05:39:26Z
a12d-ooua,5,2023-01-18T06:09:10Z
tmuj-b16l,9,2023-01-18T06:13:17Z
ipvm-gafe,5,2023-01-18T06:53:41Z
mo2h-o457,9,2023-01-18T06:53:56Z
tmuj-q9mv,5,2023-01-18T07:00:32Z
ynlx-dmbc,9,2023-01-18T07:09:40Z
ipvm-awmo,5,2023-01-18T08:02:17Z
pxfv-j8cx,5,2023-01-18T08:02:18Z
rt5l-ao5n,6,2023-01-18T08:11:10Z
n9hc-ipd7,6,2023-01-18T08:19:14Z
ipvm-csca,5,2023-01-18T08:32:02Z
pxfv-l5g2,5,2023-01-18T09:08:22Z
ipvm-6lqu,5,2023-01-18T09:35:51Z
wpf8-8t1r,5,2023-01-18T09:43:51Z
a12d-83sw,5,2023-01-18T10:09:20Z
db6d-9ej9,5,2023-01-18T10:24:08Z
a1v9-mgyz,5,2023-01-18T10:31:54Z
n9hc-4k2n,5,2023-01-18T10:34:57Z
fjhs-tf02,5,2023-01-18T10:35:47Z
ihxs-50pn,5,2023-01-18T10:36:50Z
nyx0-2pfv,5,2023-01-18T10:37:42Z
iin9-zhom,5,2023-01-18T10:47:40Z
wpf8-42gh,5,2023-01-18T10:52:33Z
nyx0-59cd,5,2023-01-18T11:11:06Z
pxfv-2tep,5,2023-01-18T11:24:26Z
gn09-rjc6,6,2023-01-18T11:30:23Z
ewma-urkj,9,2023-01-18T11:33:57Z
pxfv-wybw,5,2023-01-18T11:47:36Z
k2b4-r9c8,9,2023-01-18T11:48:27Z
n9hc-zlrd,5,2023-01-18T11:59:26Z
ipvm-fmj3,5,2023-01-18T12:04:57Z
iin9-1gm3,5,2023-01-18T12:16:37Z
wq69-kb7j,5,2023-01-18T12:20:22Z
iin9-4t3s,5,2023-01-18T12:36:22Z
ipvm-z0fh,5,2023-01-18T12:50:05Z
ipvm-2ncb,5,2023-01-18T13:55:47Z
kns3-0d16,5,2023-01-18T14:48:34Z
n2v9-basi,5,2023-01-18T14:50:30Z
htxd-5qi5,6,2023-01-18T15:21:37Z
z7n9-icn1,5,2023-01-18T15:32:41Z
htxd-2sgh,5,2023-01-18T15:42:23Z
t7hj-aciv,9,2023-01-18T15:51:33Z
n9hc-fryr,6,2023-01-18T16:36:59Z
syxn-drvp,6,2023-01-18T16:44:11Z
kns3-jwrv,5,2023-01-18T17:25:01Z
kns3-whqa,5,2023-01-18T18:01:07Z
bx1o-ran6,9,2023-01-19T01:45:08Z
q0qp-a3ud,6,2023-01-19T02:07:26Z
jaa2-xg2t,5,2023-01-19T02:27:55Z
of4n-bknh,6,2023-01-19T02:41:24Z
ou1n-f52w,5,2023-01-19T03:05:14Z
bx1o-ye38,6,2023-01-19T03:08:55Z
ipvm-gulx,5,2023-01-19T03:12:16Z
tr9i-dzs7,5,2023-01-19T03:25:05Z
ipvm-0ifo,5,2023-01-19T03:46:46Z
hq8q-x2ql,5,2023-01-19T04:03:40Z
ynlx-q9mj,5,2023-01-19T04:12:54Z
d371-qwsv,6,2023-01-19T04:24:53Z
fjhs-lqyg,5,2023-01-19T04:28:07Z
c6b0-uile,9,2023-01-19T04:38:21Z
ipvm-cvj5,5,2023-01-19T04:46:31Z
ipvm-o9oh,5,2023-01-19T05:03:25Z
tmuj-19l9,9,2023-01-19T05:40:47Z
cgc2-yi7l,6,2023-01-19T05:41:36Z
tmuj-39lh,5,2023-01-19T07:01:27Z
qore-rms8,5,2023-01-19T08:04:55Z
ou5i-hvj1,5,2023-01-19T08:21:43Z
qze4-a9q5,6,2023-01-19T09:26:12Z
ipvm-jn6v,5,2023-01-19T09:28:53Z
cgc2-80s4,6,2023-01-19T09:54:48Z
iin9-qgyp,5,2023-01-19T10:09:56Z
tr9i-417p,5,2023-01-19T10:14:45Z
pysg-hyte,9,2023-01-19T10:15:06Z
gn09-7s1y,6,2023-01-19T10:23:01Z
sak8-e9ux,5,2023-01-19T10:47:33Z
db6d-16h4,5,2023-01-19T10:49:15Z
civ5-2156,6,2023-01-19T10:59:18Z
kcdg-qu20,5,2023-01-19T11:03:38Z
pxfv-5d2j,5,2023-01-19T11:04:04Z
civ5-oao8,6,2023-01-19T11:04:50Z
yiiv-a85i,6,2023-01-19T11:15:59Z
qze4-i4e1,6,2023-01-19T11:20:51Z
qze4-5f8s,6,2023-01-19T11:39:25Z
iin9-0lv2,5,2023-01-19T11:45:15Z
tr9i-4mel,5,2023-01-19T11:47:32Z
wq69-ik49,5,2023-01-19T12:13:45Z
qze4-gz2u,6,2023-01-19T12:20:25Z
iin9-zocj,5,2023-01-19T12:23:30Z
qze4-md7h,6,2023-01-19T13:09:11Z
ipvm-4kcc,5,2023-01-19T13:16:29Z
iin9-z4j2,5,2023-01-19T13:26:04Z
kcdg-c698,6,2023-01-19T13:54:43Z
q0qp-rrbe,6,2023-01-19T15:43:14Z
nly5-8xx7,6,2023-01-19T16:57:09Z
n9hc-6eej,5,2023-01-19T17:12:54Z
nly5-3psx,6,2023-01-19T17:14:27Z
z7n9-e7k6,5,2023-01-19T17:30:14Z
nly5-hrlc,6,2023-01-19T20:00:51Z
f7gi-5j64,9,2023-01-19T22:55:22Z
ww1q-q667,6,2023-01-20T01:22:53Z
auk3-tuwo,6,2023-01-20T01:52:28Z
c6b0-ta1u,6,2023-01-20T02:08:48Z
nly5-dei2,6,2023-01-20T02:08:53Z
fi5m-hk5e,9,2023-01-20T02:29:35Z
prfu-dvw0,5,2023-01-20T03:09:42Z
auk3-sc01,9,2023-01-20T03:12:58Z
ipvm-eqvq,5,2023-01-20T03:24:25Z
tr9i-yr8k,5,2023-01-20T03:25:01Z
ipvm-yvdf,5,2023-01-20T03:38:51Z
y1q5-6tjd,5,2023-01-20T03:50:20Z
fjhs-7nmk,5,2023-01-20T04:01:41Z
ihxs-w277,5,2023-01-20T04:09:51Z
wq69-fppx,6,2023-01-20T06:11:24Z
t7hj-y11q,9,2023-01-20T07:13:28Z
oluq-2l2j,9,2023-01-20T07:43:41Z
a1v9-e2iz,5,2023-01-20T08:03:21Z
gn09-l4od,6,2023-01-20T08:50:42Z
htxd-3m8z,6,2023-01-20T08:54:19Z
a12d-d16c,5,2023-01-20T09:15:26Z
hq8q-2lnu,5,2023-01-20T09:31:48Z
qze4-rkfm,6,2023-01-20T09:49:45Z
iin9-b1zc,5,2023-01-20T10:02:31Z
d371-ct3d,6,2023-01-20T10:06:34Z
wpf8-ixq2,5,2023-01-20T10:51:04Z
gn09-lqw4,6,2023-01-20T10:59:10Z
n9hc-xcdr,5,2023-01-20T11:11:55Z
nyx0-4f2b,5,2023-01-20T11:19:40Z
pxfv-3b5g,5,2023-01-20T11:26:55Z
a1v9-6qlo,5,2023-01-20T11:51:51Z
gn09-pax9,6,2023-01-20T12:30:28Z
kns3-kpz8,6,2023-01-20T13:53:45Z
nly5-xf0v,6,2023-01-20T14:23:11Z
htxd-ob5s,5,2023-01-20T19:04:40Z
hvsc-zgv0,5,2023-01-21T03:16:27Z
bx1o-2v53,5,2023-01-21T03:21:28Z
vcpf-9doc,5,2023-01-21T03:26:21Z
wpf8-fvv5,5,2023-01-21T03:39:41Z
hq8q-9dig,5,2023-01-21T09:00:03Z
l34y-3gbm,5,2023-01-24T23:37:13Z
l34y-rwoc,5,2023-01-25T00:49:49Z
auk3-9pxt,9,2023-01-25T02:17:42Z
f7gi-kg8w,9,2023-01-25T02:27:59Z
ipvm-rpfr,5,2023-01-25T03:10:27Z
hvsc-aphz,5,2023-01-25T03:20:35Z
iin9-lxjz,5,2023-01-25T03:33:28Z
tr9i-wpjg,5,2023-01-25T03:36:29Z
mo2h-ex2m,9,2023-01-25T04:01:38Z
iin9-r3ui,5,2023-01-25T04:23:13Z
gn09-pdc1,6,2023-01-25T05:46:12Z
wq69-5frv,5,2023-01-25T07:36:59Z
tr9i-x580,5,2023-01-25T10:03:27Z
wq69-evt1,5,2023-01-25T10:57:05Z
qze4-of3l,6,2023-01-25T11:04:54Z
ipvm-xaq9,5,2023-01-25T11:08:38Z
yiiv-k2jk,6,2023-01-25T12:13:48Z
gn09-quec,6,2023-01-25T12:55:40Z
auk3-9uha,9,2023-01-25T13:48:57Z
yiiv-g67m,6,2023-01-26T02:49:31Z
tr9i-rxq9,5,2023-01-26T02:56:23Z
vcpf-u8zi,5,2023-01-26T02:56:56Z
ot24-w4mk,6,2023-01-26T03:05:23Z
a1gt-3pvn,5,2023-01-26T03:12:10Z
n2v9-bqbk,5,2023-01-26T03:16:48Z
qze4-u8q5,6,2023-01-26T03:20:56Z
c6b0-2jv1,5,2023-01-26T03:24:09Z
t7hj-bguq,9,2023-01-26T03:39:07Z
hvsc-r9pc,5,2023-01-26T04:20:01Z
orc8-ts53,5,2023-01-26T04:22:27Z
lz4w-a3yf,5,2023-01-26T04:27:33Z
iin9-lhpe,5,2023-01-26T05:09:22Z
mo2h-236f,9,2023-01-26T05:27:03Z
tr9i-gqyu,5,2023-01-26T05:28:43Z
a12d-cq1p,5,2023-01-26T05:28:45Z
fjhs-iarr,5,2023-01-26T05:39:55Z
ipvm-cgv7,5,2023-01-26T05:55:27Z
prfu-iuo5,6,2023-01-26T07:26:13Z
ou1n-mfc2,6,2023-01-26T07:44:29Z
pwda-ktod,9,2023-01-26T07:51:59Z
qore-mr2k,5,2023-01-26T08:27:50Z
htxd-k4et,5,2023-01-26T08:31:37Z
wi9p-bzqg,5,2023-01-26T09:19:22Z
j80i-f8tc,5,2023-01-26T09:20:21Z
a1v9-d9fg,6,2023-01-26T09:31:12Z
kcdg-4c88,6,2023-01-26T09:41:49Z
ipvm-eqez,5,2023-01-26T09:45:31Z
ynlx-d96s,5,2023-01-26T09:48:36Z
vcpf-cgas,5,2023-01-26T09:49:09Z
ecd9-2n19,6,2023-01-26T09:49:19Z
wpf8-1j1t,5,2023-01-26T09:52:43Z
vcpf-lbia,5,2023-01-26T09:59:38Z
a1gt-4d1x,5,2023-01-26T10:05:36Z
wpf8-79vn,5,2023-01-26T10:11:05Z
gn09-klup,6,2023-01-26T10:23:11Z
sak8-sjy8,5,2023-01-26T10:23:51Z
nyx0-f1a8,6,2023-01-26T10:27:11Z
c6b0-5jsr,5,2023-01-26T10:52:18Z
qze4-709s,6,2023-01-26T11:00:02Z
ynlx-ygh7,6,2023-01-26T11:07:39Z
d371-whjl,6,2023-01-26T11:29:17Z
yiiv-rxra,5,2023-01-26T11:38:17Z
d371-jky9,6,2023-01-26T12:00:47Z
vcpf-71mm,5,2023-01-26T12:07:03Z
qze4-w0g6,6,2023-01-26T12:14:42Z
ynlx-o8hy,5,2023-01-26T12:15:45Z
qze4-wzhn,6,2023-01-26T12:29:14Z
qze4-ea6z,6,2023-01-26T13:03:31Z
htxd-c0yv,6,2023-01-26T13:39:14Z
dipl-9aw0,9,2023-01-26T13:58:59Z
tr9i-liic,5,2023-01-26T15:27:25Z
n9hc-2rvp,9,2023-01-26T15:46:54Z
n9hc-w1wm,5,2023-01-26T15:48:44Z
t7hj-lhae,5,2023-01-26T16:31:31Z
n9hc-rx1p,5,2023-01-26T16:45:59Z
htxd-idpl,6,2023-01-26T16:56:27Z
syxn-xa3k,6,2023-01-26T16:59:53Z
z7n9-97te,5,2023-01-26T17:14:50Z
gn09-7o8f,6,2023-01-27T00:28:22Z
tmuj-cmst,9,2023-01-27T02:18:28Z
xbm9-4wsq,6,2023-01-27T02:22:34Z
nyx0-e990,6,2023-01-27T02:23:14Z
jaa2-vtxg,5,2023-01-27T02:29:06Z
nyx0-jjw7,6,2023-01-27T03:17:19Z
n9hc-mhdw,5,2023-01-27T03:23:30Z
fi5m-4cnc,5,2023-01-27T03:27:47Z
pwda-su2k,9,2023-01-27T03:30:33Z
ou1n-1kjx,5,2023-01-27T03:32:55Z
prfu-6t8w,6,2023-01-27T03:44:36Z
auk3-9z6u,9,2023-01-27T03:53:53Z
ynlx-hj98,9,2023-01-27T03:54:07Z
tmuj-ptg2,9,2023-01-27T03:58:22Z
auk3-zf7u,9,2023-01-27T04:16:02Z
ou1n-edb2,5,2023-01-27T04:36:04Z
ipvm-6k4j,5,2023-01-27T04:46:26Z
ww1q-didf,9,2023-01-27T05:03:53Z
iin9-bcta,5,2023-01-27T05:10:55Z
iin9-ocnc,5,2023-01-27T05:21:11Z
gn09-99ss,6,2023-01-27T05:35:04Z
nyx0-se8l,5,2023-01-27T05:39:42Z
tr9i-syvu,9,2023-01-27T05:47:57Z
sak8-1bno,5,2023-01-27T06:18:12Z
hd2f-w1nw,6,2023-01-27T06:51:40Z
pysg-t0zs,5,2023-01-27T07:24:27Z
ipvm-2b5v,5,2023-01-27T07:28:53Z
n9hc-125k,6,2023-01-27T07:49:20Z
ipvm-4zlw,5,2023-01-27T07:56:52Z
sak8-uwss,5,2023-01-27T08:04:14Z
qze4-tl24,6,2023-01-27T08:05:11Z
tmuj-5fem,9,2023-01-27T08:17:09Z
qr0k-lsbl,5,2023-01-27T08:50:19Z
tmuj-vdfx,9,2023-01-27T09:27:15Z
a12d-l277,6,2023-01-27T09:48:19Z
tr9i-dtip,5,2023-01-27T09:48:55Z
u4kq-8gww,9,2023-01-27T10:04:48Z
lz4w-6ih6,5,2023-01-27T10:13:08Z
iin9-lgu3,5,2023-01-27T10:13:32Z
vaqu-f6s8,6,2023-01-27T10:32:58Z
sitw-j0z8,6,2023-01-27T10:33:41Z
nyx0-wvaj,5,2023-01-27T10:44:00Z
gn09-o1ff,6,2023-01-27T10:50:00Z
tr9i-bvk3,5,2023-01-27T10:54:51Z
gn09-cm77,6,2023-01-27T10:55:25Z
pxfv-ulv6,5,2023-01-27T10:56:24Z
fjhs-lzvt,5,2023-01-27T10:57:40Z
a1gt-9q49,5,2023-01-27T11:13:06Z
iin9-g5qa,5,2023-01-27T11:14:15Z
htxd-l0jl,5,2023-01-27T11:24:03Z
a12d-9fn0,6,2023-01-27T11:36:53Z
vcpf-yir4,5,2023-01-27T11:43:47Z
a12d-eade,6,2023-01-27T11:48:30Z
prfu-qqqx,9,2023-01-27T12:13:20Z
gn09-03y4,6,2023-01-27T12:41:33Z
fjhs-xhzi,5,2023-01-27T12:44:03Z
gn09-0q9s,6,2023-01-27T12:54:18Z
orc8-cooj,5,2023-01-27T13:09:00Z
pxfv-s685,5,2023-01-27T13:21:25Z
gn09-3dl8,6,2023-01-27T13:28:13Z
n2v9-e1u4,5,2023-01-27T13:53:49Z
n2v9-i4vs,5,2023-01-27T13:54:18Z
t7hj-di1z,5,2023-01-27T15:12:57Z
fjhs-ycja,6,2023-01-27T22:22:05Z
jeka-aznf,9,2023-01-27T23:12:26Z
tmuj-qna6,9,2023-01-28T00:47:33Z
of4n-4p34,5,2023-01-28T01:28:49Z
x9g2-pp02,5,2023-01-28T01:34:17Z
l34y-i8v1,5,2023-01-28T01:42:13Z
htxd-576n,5,2023-01-28T02:17:57Z
pwda-v2yr,9,2023-01-28T03:14:32Z
iin9-28t2,5,2023-01-28T03:35:22Z
a1gt-2dt0,5,2023-01-28T03:41:54Z
hq8q-6wfo,5,2023-01-28T03:42:54Z
ljqq-28ea,9,2023-01-28T03:48:19Z
a4f5-gv9h,5,2023-01-28T03:51:40Z
ot24-yj7e,9,2023-01-28T04:18:29Z
tmuj-wkwq,9,2023-01-28T04:38:43Z
a12d-j8hb,5,2023-01-28T05:17:18Z
tr9i-3e74,5,2023-01-28T05:40:37Z
orc8-erqx,5,2023-01-28T05:54:40Z
ynlx-33zl,9,2023-01-28T06:22:55Z
qore-50xr,6,2023-01-28T07:04:34Z
u443-3cxa,5,2023-01-28T07:50:49Z
ot24-378s,5,2023-01-28T08:13:46Z
wq69-694r,5,2023-01-28T08:39:39Z
m261-qvou,5,2023-01-28T09:19:30Z
qze4-2pw9,6,2023-01-28T09:25:14Z
qze4-b97z,6,2023-01-28T10:04:58Z
qze4-6ig0,6,2023-01-28T10:35:31Z
mo2h-37sg,9,2023-01-28T11:10:45Z
iin9-5jus,5,2023-01-28T12:03:22Z
iin9-f691,5,2023-01-28T12:22:54Z
a1gt-88kj,5,2023-01-28T12:24:56Z
