1,5,2022-12-03T10:15:30Z
2,5,2022-12-03T11:15:30Z
3,5,2022-12-03T12:15:30Z
4,5,2022-12-03T13:15:30Z
5,5,2022-12-03T14:15:30Z
6,5,2022-12-03T15:15:30Z
7,5,2022-12-03T16:15:30Z
8,5,2022-12-03T17:15:30Z
9,5,2022-12-03T18:15:30Z
10,5,2022-12-03T19:15:30Z
11,5,2022-12-03T20:15:30Z
12,5,2022-12-03T21:15:30Z
13,5,2022-12-03T22:15:30Z
14,5,2022-12-03T23:15:30Z
15,5,2022-12-04T00:15:30Z
16,5,2022-12-04T01:15:30Z
17,5,2022-12-04T02:15:30Z
18,5,2022-12-04T03:15:30Z
19,5,2022-12-04T04:15:30Z
20,5,2022-12-04T05:15:30Z
21,5,2022-12-04T06:15:30Z
22,5,2022-12-04T07:15:30Z
23,5,2022-12-04T08:15:30Z
24,5,2022-12-04T09:15:30Z
25,5,2022-12-04T10:15:30Z
